{
    "dev": {
        "mse": 0.05737704918032787,
        "accuracy": 0.9426229508196722
    },
    "test": {
        "mse": 0.03009259259259259,
        "accuracy": 0.9699074074074074
    }
}