{
    "dev": {
        "loss": 0.36428380012512207,
        "accuracy": 0.9344262480735779,
        "mse": 0.0873166099190712
    },
    "test": {
        "loss": 0.34246450662612915,
        "accuracy": 0.9675925970077515,
        "mse": 0.07860327512025833
    }
}