{
    "dev": {
        "accuracy": 0.9508196711540222,
        "mse": 0.04425829276442528
    },
    "test": {
        "accuracy": 0.9537037014961243,
        "mse": 0.04630563408136368
    }
}