{
    "dev": {
        "accuracy": 0.04425829276442528,
        "mse": 0.9508196711540222
    },
    "test": {
        "accuracy": 0.04630563408136368,
        "mse": 0.9537037014961243
    }
}