{
    "train": {
        "mse": 0.023814674618284806,
        "mee": 0.21464675366653435
    },
    "validation": {
        "mean_mee": 0.5144076412078191,
        "std_dev_mee": 0.029150031255022718
    },
    "internal_test": {
        "mse": 0.32547089393571965,
        "mee": 0.5778355132811613
    }
}