{
    "train": {
        "mse": 0.004353685684102959,
        "mee": 0.10954177924937561
    },
    "internal_test": {
        "mse": 0.4797049259643475,
        "mee": 0.5590546352107608
    }
}