{
    "train": {
        "mse": 0.08285108268379376,
        "mee": 0.3840952223690701
    },
    "validation": {
        "mean_mee": 0.812112961191553,
        "std_dev_mee": 0.04978724657862637
    },
    "internal_test": {
        "mse": 0.33768624482684206,
        "mee": 0.6878121188196239
    }
}