{
    "dev": {
        "accuracy": 0.0019447971135377884,
        "mse": 1.0
    },
    "test": {
        "accuracy": 0.003142130095511675,
        "mse": 1.0
    }
}