{
    "dev": {
        "accuracy": 1.0,
        "mse": 0.0019447971135377884
    },
    "test": {
        "accuracy": 1.0,
        "mse": 0.003142130095511675
    }
}