{
    "dev": {
        "accuracy": 1.0,
        "mse": 2.2412718365662177e-15
    },
    "test": {
        "accuracy": 1.0,
        "mse": 2.2121143621305767e-13
    }
}