{
    "dev": {
        "loss": 4.242897588824235e-08,
        "accuracy": 1.0,
        "mse": 2.2412718365662177e-15
    },
    "test": {
        "loss": 6.524938100938016e-08,
        "accuracy": 1.0,
        "mse": 2.2121143621305767e-13
    }
}