{
    "dev": {
        "loss": 0.039388258010149,
        "accuracy": 1.0,
        "mse": 0.0026543759740889072
    },
    "test": {
        "loss": 0.06325283646583557,
        "accuracy": 1.0,
        "mse": 0.007557898759841919
    }
}