{
    "dev": {
        "accuracy": 0.0016467623645439744,
        "mse": 1.0
    },
    "test": {
        "accuracy": 0.0036553037352859974,
        "mse": 1.0
    }
}