{
    "dev": {
        "accuracy": 1.0,
        "mse": 0.0007284277817234397
    },
    "test": {
        "accuracy": 1.0,
        "mse": 0.001159175531938672
    }
}