{
    "dev": {
        "accuracy": 1.0,
        "mse": 0.0016467623645439744
    },
    "test": {
        "accuracy": 1.0,
        "mse": 0.0036553037352859974
    }
}