{
    "dev_majority": {
        "accuracy": 0.9672131147540983,
        "mse": 0.03278688524590164
    },
    "test_majority": {
        "accuracy": 0.9560185185185185,
        "mse": 0.04398148148148148
    },
    "dev_weighted": {
        "accuracy": 0.9672131147540983,
        "mse": 0.03278688524590164
    },
    "test_weighted": {
        "accuracy": 0.9560185185185185,
        "mse": 0.04398148148148148
    },
    "dev_stacking": {
        "accuracy": 0.9672131147540983,
        "mse": 0.03278688524590164
    },
    "test_stacking": {
        "accuracy": 0.9560185185185185,
        "mse": 0.04398148148148148
    }
}