{
    "lr": 0.0003,
    "h_dim": 128,
    "n_layers": 3,
    "activation": "tanh",
    "reg": 0.001,
    "beta_1": 0.9,
	"beta_2": 0.95,
    "batch_size": 32,
	"poly_degree": 3,
    "mean_euclidean_error": 0.584147596359253,
    "std_dev": 0.04357427917164929
}