{
    "train": {
        "mean_mse": 0.022950031902237943,
        "mean_mee": 0.19815151314128593
    },
    "internal_test": {
        "mean_mse": 0.19881136922991746,
        "mean_mee": 0.48243312711285485
    }
}