{
    "train": {
        "mse": 0.7070249915122986,
        "mee": 0.24707305431365967
    },
    "internal_test": {
        "mse": 0.8577075004577637,
        "mee": 0.48365506529808044
    }
}