{
    "train": {
        "mse": 0.6848149299621582,
        "mee": 0.3588930666446686
    },
    "internal_test": {
        "mse": 0.9064287543296814,
        "mee": 0.5593237280845642
    }
}