{
    "dev": {
        "mse": 0.06557377049180328,
        "accuracy": 0.9344262295081968
    },
    "test": {
        "mse": 0.027777777777777776,
        "accuracy": 0.9722222222222222
    }
}