{
    "dev": {
        "mse": 0.0,
        "accuracy": 1.0
    },
    "test": {
        "mse": 0.08564814814814815,
        "accuracy": 0.9143518518518519
    }
}