{
    "lr": 0.001,
    "h_dim": 64,
    "n_layers": 2,
    "activation": "tanh",
    "reg": 0.001,
    "momentum": 0.9,
    "batch_size": 32,
	"poly_degree": 3,
    "mean_euclidean_error": 0.5297813057899475 ,
    "std_dev": 0.038425913782441125
}