{
    "train": {
        "mean_mse": 0.023024516930508238,
        "mean_mee": 0.19979157602238543
    },
    "internal_test": {
        "mean_mse": 0.11302208132161325,
        "mean_mee": 0.44390216540271993
    }
}