{
    "train": {
        "mean_mse": 0.023323855248128394,
        "mean_mee": 0.21051276894878962
    },
    "internal_test": {
        "mean_mse": 0.16081674894010728,
        "mean_mee": 0.48625498830764086
    }
}