{
    "lr": 0.00036,
    "n_layers": 3,
    "h_dim": 128,
    "activation": "tanh",
    "reg": 0.001,
    "momentum": 0.93,
    "batch_size": 32,
	"poly_degree": 3,
    "mean_euclidean_error": 0.48913859724998476 ,
    "std_dev": 0.03813269514946519
}