{
    "lr": 0.00035,
    "n_layers": 3,
    "h_dim": 100,
    "activation": "tanh",
    "reg": 0.001,
    "momentum": 0.95,
    "batch_size": 32,
	"poly_degree": 3,
    "mean_euclidean_error": 0.5287041783332824 ,
    "std_dev": 0.020676560317099878
}