{
    "train": {
        "mse": 0.7052411437034607,
        "mee": 0.23861064016819
    },
    "internal_test": {
        "mse": 0.8051837682723999,
        "mee": 0.4203774333000183
    }
}