{
    "train": {
        "mse": 0.7402105927467346,
        "mee": 0.4263259768486023
    },
    "internal_test": {
        "mse": 0.8739515542984009,
        "mee": 0.5280874967575073
    }
}