{
    "train": {
        "mse": 0.7299882769584656,
        "mee": 0.23712769150733948
    },
    "internal_test": {
        "mse": 0.8095136284828186,
        "mee": 0.4410511255264282
    }
}