{
    "dev": {
        "mean_mse": 0.7007503807544708,
		"std_dev_mse": 0.02222039213857303,
        "mean_mee": 0.23725417256355286,
		"std_dev_mee": 0.006271272053095252,
    },
    "test": {
        "mean_mse": 0.8394967466592789,
		"std_dev_mse":  0.045928421489118035,
        "mean_mee": 0.4972873777151108,
		"std_dev_mee": 0.014945716474833563,
    }
}