{
    "train": {
        "mse": 0.6977195739746094,
        "mee": 0.38383036851882935
    },
    "internal_test": {
        "mse": 0.8223280310630798,
        "mee": 0.5198608040809631
    }
}