{
    "train": {
        "mse": 0.655819296836853,
        "mee": 0.5030652284622192
    },
    "val": {
        "mse": 0.813493013381958,
        "mee": 0.6208837628364563
    },
    "internal_test": {
        "mse": 0.798216700553894,
        "mee": 0.7235138416290283
    }
}