{
    "train": {
        "mse_loss": 0.5242740511894226,
        "mse": 0.7897263169288635
    },
    "val": {
        "mse_loss": 0.821455717086792,
        "mse": 1.068734884262085
    },
    "internal_test": {
        "mse_loss": 1.1027555465698242,
        "mee": 1.2042443752288818
    }
}