{
    "dev_arithmetic": {
        "mee": 0.2962882117344219,
        "mse": 0.040946044512222314
    },
    "test_arithmetic": {
        "mee": 0.5172418489278965,
        "mse": 0.1650101537416661
    },
    "dev_weighted": {
        "mee": 0.28398632942946217,
        "mse": 0.037660227841856984
    },
    "test_weighted": {
        "mee": 0.5119761171607855,
        "mse": 0.15863447022406615
    },
    "dev_stacking": {
        "mee": 0.21455049678339327,
        "mse": 0.023474131505262008
    },
    "test_stacking": {
        "mee": 0.5657843207977841,
        "mse": 0.2999672951250558
    }
}