{
    "dev": {
        "accuracy": 1.0,
        "mse": 9.21615735116621e-12
    },
    "test": {
        "accuracy": 1.0,
        "mse": 9.668955740227414e-12
    }
}