{
    "dev": {
        "mse": 0.0,
        "accuracy": 1.0
    },
    "test": {
        "mse": 0.19675925925925927,
        "accuracy": 0.8032407407407407
    }
}