{
    "dev": {
        "mse": 0.0,
        "accuracy": 1.0
    },
    "test": {
        "mse": 0.1712962962962963,
        "accuracy": 0.8287037037037037
    }
}