{
    "dev": {
        "accuracy": 0.05037388950586319,
        "mse": 0.9344262480735779
    },
    "test": {
        "accuracy": 0.03707381710410118,
        "mse": 0.9722222089767456
    }
}