{
    "dev": {
        "accuracy": 0.9344262480735779,
        "mse": 0.05037388950586319
    },
    "test": {
        "accuracy": 0.9722222089767456,
        "mse": 0.03707381710410118
    }
}