{
    "dev": {
        "mse": 0.0,
        "accuracy": 1.0
    },
    "test": {
        "mse": 0.22916666666666666,
        "accuracy": 0.7708333333333334
    }
}