{
    "dev": {
        "mse": 0.15384615384615385,
        "accuracy": 0.8461538461538461
    },
    "test": {
        "mse": 0.2800925925925926,
        "accuracy": 0.7199074074074074
    }
}