{
    "train": {
        "mse": 0.0,
        "mee": 0.0
    },
    "internal_test": {
        "mse": 3.6085400738061537,
        "mee": 2.677696707189429
    }
}