{
    "train": {
        "mse": 0.0,
        "mee": 0.0
    },
    "validation": {
        "mean_mee": 2.617415495212256,
        "std_dev_mee": 0.16203121892122824
    },
    "internal_test": {
        "mse": 3.564236533574796,
        "mee": 2.640639519698584
    }
}