{
    "dev": {
        "mse": 0.0,
        "accuracy": 1.0
    },
    "test": {
        "mse": 0.013888888888888888,
        "accuracy": 0.9861111111111112
    }
}