{
    "dev": {
        "mse": 0.0,
        "accuracy": 1.0
    },
    "test": {
        "mse": 0.03009259259259259,
        "accuracy": 0.9699074074074074
    }
}