{
    "train": {
        "mse": 6.375092408640981e-27,
        "mee": 1.131185061869228e-13
    },
    "internal_test": {
        "mse": 3.4108241072359857,
        "mee": 2.353442747368117
    }
}