{
    "train": {
        "mse": 6.375092408640981e-27,
        "mee": 1.131185061869228e-13
    },
    "internal_test": {
        "mse": 2.9593389443686124,
        "mee": 2.2832551438658832
    }
}