{
    "dev": {
        "mse": 0.0,
        "accuracy": 1.0
    },
    "test": {
        "mse": 0.05324074074074074,
        "accuracy": 0.9467592592592593
    }
}