{
    "dev": {
        "accuracy": 0.9590163826942444,
        "mse": 0.03366393968462944
    },
    "test": {
        "accuracy": 0.9791666865348816,
        "mse": 0.019799042493104935
    }
}