{
    "dev": {
        "loss": 0.014375059865415096,
        "accuracy": 1.0,
        "mse": 0.00025893899146467447
    },
    "test": {
        "loss": 0.01744631864130497,
        "accuracy": 1.0,
        "mse": 0.000498005305416882
    }
}