{
    "dev": {
        "accuracy": 0.9836065769195557,
        "mse": 0.014578104950487614
    },
    "test": {
        "accuracy": 0.9143518805503845,
        "mse": 0.07037825137376785
    }
}