{
    "dev": {
        "loss": 0.05150067061185837,
        "accuracy": 0.9836065769195557,
        "mse": 0.014578104950487614
    },
    "test": {
        "loss": 0.41512197256088257,
        "accuracy": 0.9143518805503845,
        "mse": 0.07037825137376785
    }
}